,Impressions,Comments,Shares,Likes
0,3920,9,5,162
1,5394,7,14,224
2,4021,11,1,131
3,4528,10,7,213
4,2518,5,4,123
5,3884,7,10,144
6,2621,5,1,76
7,3541,4,9,124
8,3749,6,8,159
9,4115,6,3,191
10,2218,6,3,81
11,3234,8,14,151
12,4344,7,11,162
13,3216,5,5,142
14,9453,6,10,294
15,5055,7,11,159
17,3169,8,1,121
18,6168,6,6,151
19,2407,8,20,72
20,2064,4,5,76
21,3973,3,4,91
22,7281,7,9,195
23,3052,5,14,129
24,4628,8,3,160
25,4082,11,5,175
27,2766,10,4,114
28,3924,11,3,151
29,3015,11,4,92
30,6666,9,3,214
31,3854,11,15,150
32,4355,8,4,122
33,4343,6,3,152
34,6108,7,8,196
35,2523,6,0,86
36,2327,3,3,85
37,3990,4,11,156
38,2191,2,1,72
39,1941,6,3,82
41,4998,4,13,180
42,4289,8,4,150
43,3880,4,2,127
44,3786,9,5,167
45,4298,6,19,225
46,3630,4,10,137
47,2826,3,3,114
48,7407,5,15,263
50,2998,4,1,126
51,7018,9,16,236
52,2941,2,1,99
53,6432,11,8,212
55,3988,6,9,142
56,4978,9,2,186
57,3388,1,7,112
58,4467,3,16,149
59,3246,5,14,132
60,5072,7,6,115
61,6339,8,5,248
62,4239,2,1,178
63,3454,0,0,107
64,7571,7,12,269
65,3333,3,5,96
66,3818,6,0,134
68,5058,9,2,187
69,3601,0,3,94
70,3480,1,7,114
71,3525,5,0,96
72,3606,5,15,138
73,5542,7,6,122
74,6559,8,6,257
75,3623,3,0,95
76,10493,9,1,244
77,4446,6,11,190
78,2957,4,2,118
79,5538,6,6,178
80,4681,7,12,170
81,5273,9,22,250
82,5055,7,11,159
84,3169,8,1,121
85,6168,6,6,151
86,2407,8,20,72
87,3630,4,10,137
88,2826,3,3,114
89,7407,5,15,263
91,2998,4,1,126
92,3052,5,14,129
93,4628,8,3,160
94,4082,11,5,175
96,2766,10,4,114
97,3924,11,3,151
98,3015,11,4,92
99,5409,10,27,275
100,5323,6,13,192
101,8001,8,7,203
102,4150,4,2,145
103,4609,1,12,168
104,6348,4,15,194
106,7231,8,3,171
108,6814,8,22,249
110,5563,5,8,163
111,4842,6,4,86
113,10206,10,17,172
115,5731,4,1,148
116,4139,0,1,92
119,7018,9,16,236
120,3630,4,10,137
121,3525,5,0,96
122,7571,7,12,269
123,4082,11,5,175
124,3052,5,14,129
125,5394,7,14,224
126,6339,8,5,248
127,3920,9,5,162
128,7407,5,15,263
129,4298,6,19,225
132,3052,5,14,129
133,2998,4,1,126
134,2327,3,3,85
135,5072,7,6,115
137,4842,6,4,86
138,4289,8,4,150
139,4467,3,16,149
140,4998,4,13,180
141,5323,6,13,192
142,2064,4,5,76
144,6666,9,3,214
146,2826,3,3,114
148,6666,9,3,214
149,3924,11,3,151
150,6666,9,3,214
151,4139,0,1,92
152,4446,6,11,190
153,5055,7,11,159
154,3924,11,3,151
155,6168,6,6,151
156,4628,8,3,160
157,2218,6,3,81
158,6666,9,3,214
159,9453,6,10,294
160,6339,8,5,248
161,3601,0,3,94
162,10493,9,1,244
163,3234,8,14,151
164,2941,2,1,99
165,3623,3,0,95
166,4355,8,4,122
167,2941,2,1,99
168,2998,4,1,126
169,3973,3,4,91
171,5323,6,13,192
172,3541,4,9,124
174,4139,0,1,92
175,3630,4,10,137
176,3052,5,14,129
177,3880,4,2,127
178,10206,10,17,172
179,3246,5,14,132
180,3920,9,5,162
181,3854,11,15,150
182,6666,9,3,214
184,6168,6,6,151
185,5394,7,14,224
186,3234,8,14,151
187,3630,4,10,137
188,2766,10,4,114
189,2826,3,3,114
190,3630,4,10,137
191,5538,6,6,178
192,3169,8,1,121
193,3601,0,3,94
195,3015,11,4,92
196,3234,8,14,151
197,4344,7,11,162
198,3884,7,10,144
199,3988,6,9,142
200,2826,3,3,114
201,3606,5,15,138
202,6168,6,6,151
203,4021,11,1,131
204,4446,6,11,190
205,3246,5,14,132
206,4998,4,13,180
207,2621,5,1,76
208,2218,6,3,81
209,7231,8,3,171
210,2523,6,0,86
211,7018,9,16,236
213,6432,11,8,212
214,2826,3,3,114
215,4978,9,2,186
216,2064,4,5,76
217,3333,3,5,96
218,2766,10,4,114
219,4082,11,5,175
220,5273,9,22,250
221,6348,4,15,194
222,3606,5,15,138
223,7407,5,15,263
224,4021,11,1,131
225,3623,3,0,95
226,5542,7,6,122
227,3216,5,5,142
228,3454,0,0,107
229,2407,8,20,72
230,2957,4,2,118
231,4842,6,4,86
232,4467,3,16,149
233,4115,6,3,191
234,2621,5,1,76
235,5055,7,11,159
237,6168,6,6,151
238,7018,9,16,236
239,3630,4,10,137
240,3525,5,0,96
241,7571,7,12,269
242,4082,11,5,175
243,3052,5,14,129
244,5394,7,14,224
245,6339,8,5,248
246,3920,9,5,162
247,7407,5,15,263
248,4298,6,19,225
251,3052,5,14,129
252,2998,4,1,126
253,2327,3,3,85
254,5072,7,6,115
256,4842,6,4,86
257,4289,8,4,150
258,4467,3,16,149
259,4998,4,13,180
260,5323,6,13,192
261,2064,4,5,76
263,6666,9,3,214
265,2826,3,3,114
267,6666,9,3,214
268,3924,11,3,151
269,6666,9,3,214
270,4139,0,1,92
271,4446,6,11,190
272,5055,7,11,159
273,3924,11,3,151
274,6168,6,6,151
275,4628,8,3,160
276,2218,6,3,81
277,6666,9,3,214
278,9453,6,10,294
279,6339,8,5,248
280,3601,0,3,94
281,10493,9,1,244
282,3234,8,14,151
283,2941,2,1,99
284,3623,3,0,95
285,4355,8,4,122
286,2941,2,1,99
287,2998,4,1,126
288,3973,3,4,91
290,5323,6,13,192
291,3541,4,9,124
293,4139,0,1,92
294,3630,4,10,137
295,3052,5,14,129
296,3880,4,2,127
297,10206,10,17,172
298,3246,5,14,132
299,3920,9,5,162
300,3854,11,15,150
301,6666,9,3,214
303,6168,6,6,151
304,5394,7,14,224
305,3234,8,14,151
306,3630,4,10,137
307,2766,10,4,114
308,2826,3,3,114
309,3630,4,10,137
310,5538,6,6,178
311,3169,8,1,121
312,3601,0,3,94
314,3015,11,4,92
315,3234,8,14,151
316,4344,7,11,162
317,3884,7,10,144
318,3988,6,9,142
319,2826,3,3,114
320,3606,5,15,138
321,6168,6,6,151
322,4021,11,1,131
323,4446,6,11,190
324,3246,5,14,132
325,4998,4,13,180
326,2621,5,1,76
327,2218,6,3,81
328,7231,8,3,171
329,2523,6,0,86
330,7018,9,16,236
332,6432,11,8,212
333,2826,3,3,114
334,4978,9,2,186
335,2064,4,5,76
336,3333,3,5,96
337,2766,10,4,114
338,4082,11,5,175
339,5273,9,22,250
340,6348,4,15,194
341,3606,5,15,138
342,7407,5,15,263
343,4021,11,1,131
344,3623,3,0,95
345,5542,7,6,122
346,3216,5,5,142
347,3454,0,0,107
348,2407,8,20,72
349,2957,4,2,118
350,4842,6,4,86
351,4467,3,16,149
352,4115,6,3,191
353,2621,5,1,76
354,5055,7,11,159
356,6168,6,6,151
357,7018,9,16,236
358,3630,4,10,137
359,3525,5,0,96
360,7571,7,12,269
361,4082,11,5,175
362,3052,5,14,129
363,5394,7,14,224
364,6339,8,5,248
365,3920,9,5,162
366,7407,5,15,263
367,4298,6,19,225
370,3052,5,14,129
371,2998,4,1,126
372,2327,3,3,85
373,5072,7,6,115
375,4842,6,4,86
376,4289,8,4,150
377,4467,3,16,149
378,4998,4,13,180
379,5323,6,13,192
380,2064,4,5,76
382,6666,9,3,214
384,2826,3,3,114
386,6666,9,3,214
387,3924,11,3,151
388,6666,9,3,214
389,4139,0,1,92
390,4446,6,11,190
391,5055,7,11,159
392,3924,11,3,151
393,6168,6,6,151
394,4628,8,3,160
395,2218,6,3,81
396,6666,9,3,214
397,9453,6,10,294
398,6339,8,5,248
399,3601,0,3,94
400,10493,9,1,244
401,3234,8,14,151
402,2941,2,1,99
403,3623,3,0,95
404,4355,8,4,122
405,2941,2,1,99
406,2998,4,1,126
407,3973,3,4,91
409,5323,6,13,192
410,3541,4,9,124
412,4139,0,1,92
413,3630,4,10,137
414,3052,5,14,129
415,3880,4,2,127
416,10206,10,17,172
417,3246,5,14,132
418,3920,9,5,162
419,3854,11,15,150
420,6666,9,3,214
422,6168,6,6,151
423,5394,7,14,224
424,3234,8,14,151
425,3630,4,10,137
426,2766,10,4,114
427,2826,3,3,114
428,3630,4,10,137
429,5538,6,6,178
430,3169,8,1,121
431,3601,0,3,94
433,3015,11,4,92
434,3234,8,14,151
435,4344,7,11,162
436,3884,7,10,144
437,3988,6,9,142
438,2826,3,3,114
439,3606,5,15,138
440,6168,6,6,151
441,4021,11,1,131
442,4446,6,11,190
443,3246,5,14,132
444,4998,4,13,180
445,2621,5,1,76
446,2218,6,3,81
447,7231,8,3,171
448,2523,6,0,86
449,7018,9,16,236
451,6432,11,8,212
452,2826,3,3,114
453,4978,9,2,186
454,2064,4,5,76
455,3333,3,5,96
456,2766,10,4,114
457,4082,11,5,175
458,5273,9,22,250
459,6348,4,15,194
460,3606,5,15,138
461,7407,5,15,263
462,4021,11,1,131
463,3623,3,0,95
464,5542,7,6,122
465,3216,5,5,142
466,3454,0,0,107
467,2407,8,20,72
468,2957,4,2,118
469,4842,6,4,86
470,4467,3,16,149
471,4115,6,3,191
472,2621,5,1,76
473,5055,7,11,159
475,6168,6,6,151
476,7018,9,16,236
477,3630,4,10,137
478,3525,5,0,96
479,7571,7,12,269
480,4082,11,5,175
481,3052,5,14,129
482,5394,7,14,224
483,6339,8,5,248
484,3920,9,5,162
485,7407,5,15,263
486,4298,6,19,225
489,3052,5,14,129
490,2998,4,1,126
491,2327,3,3,85
492,5072,7,6,115
494,4842,6,4,86
495,4289,8,4,150
496,4467,3,16,149
497,4998,4,13,180
498,5323,6,13,192
499,2064,4,5,76
501,6666,9,3,214
503,2826,3,3,114
505,6666,9,3,214
506,3924,11,3,151
507,6666,9,3,214
508,4139,0,1,92
509,4446,6,11,190
510,5055,7,11,159
511,3924,11,3,151
512,6168,6,6,151
513,4628,8,3,160
514,2218,6,3,81
515,6666,9,3,214
516,9453,6,10,294
517,6339,8,5,248
518,3601,0,3,94
519,10493,9,1,244
520,3234,8,14,151
521,2941,2,1,99
522,3623,3,0,95
523,4355,8,4,122
524,2941,2,1,99
525,2998,4,1,126
526,3973,3,4,91
528,5323,6,13,192
529,3541,4,9,124
531,4139,0,1,92
532,3630,4,10,137
533,3052,5,14,129
534,3880,4,2,127
535,10206,10,17,172
536,3246,5,14,132
537,3920,9,5,162
538,3854,11,15,150
539,6666,9,3,214
541,6168,6,6,151
542,5394,7,14,224
543,3234,8,14,151
544,3630,4,10,137
545,2766,10,4,114
546,2826,3,3,114
547,3630,4,10,137
548,5538,6,6,178
549,3169,8,1,121
550,3601,0,3,94
552,3015,11,4,92
553,3234,8,14,151
554,4344,7,11,162
555,3884,7,10,144
556,3988,6,9,142
557,2826,3,3,114
558,3606,5,15,138
559,6168,6,6,151
560,4021,11,1,131
561,4446,6,11,190
562,3246,5,14,132
563,4998,4,13,180
564,2621,5,1,76
565,2218,6,3,81
566,7231,8,3,171
567,2523,6,0,86
568,7018,9,16,236
570,6432,11,8,212
571,2826,3,3,114
572,4978,9,2,186
573,2064,4,5,76
574,3333,3,5,96
575,2766,10,4,114
576,4082,11,5,175
577,5273,9,22,250
578,6348,4,15,194
579,3606,5,15,138
580,7407,5,15,263
581,4021,11,1,131
582,3623,3,0,95
583,5542,7,6,122
584,3216,5,5,142
585,3454,0,0,107
586,2407,8,20,72
587,2957,4,2,118
588,4842,6,4,86
589,4467,3,16,149
590,4115,6,3,191
591,2621,5,1,76
592,5055,7,11,159
594,6168,6,6,151
595,7018,9,16,236
596,3630,4,10,137
597,3525,5,0,96
598,7571,7,12,269
599,4082,11,5,175
600,3052,5,14,129
601,5394,7,14,224
602,6339,8,5,248
603,3920,9,5,162
604,7407,5,15,263
605,4298,6,19,225
608,3052,5,14,129
609,2998,4,1,126
610,2327,3,3,85
611,5072,7,6,115
613,4842,6,4,86
614,4289,8,4,150
615,4467,3,16,149
616,4998,4,13,180
617,5323,6,13,192
618,2064,4,5,76
620,6666,9,3,214
622,2826,3,3,114
624,6666,9,3,214
625,3924,11,3,151
626,6666,9,3,214
627,4139,0,1,92
628,4446,6,11,190
629,5055,7,11,159
630,3924,11,3,151
631,6168,6,6,151
632,4628,8,3,160
633,2218,6,3,81
634,6666,9,3,214
635,9453,6,10,294
636,6339,8,5,248
637,3601,0,3,94
638,10493,9,1,244
639,3234,8,14,151
640,2941,2,1,99
641,3623,3,0,95
642,4355,8,4,122
643,2941,2,1,99
644,2998,4,1,126
645,3973,3,4,91
647,5323,6,13,192
648,3541,4,9,124
650,4139,0,1,92
651,3630,4,10,137
652,3052,5,14,129
653,3880,4,2,127
654,10206,10,17,172
655,3246,5,14,132
656,3920,9,5,162
657,3854,11,15,150
658,6666,9,3,214
660,6168,6,6,151
661,5394,7,14,224
662,3234,8,14,151
663,3630,4,10,137
664,2766,10,4,114
665,2826,3,3,114
666,3630,4,10,137
667,5538,6,6,178
668,3169,8,1,121
669,3601,0,3,94
671,3015,11,4,92
672,3234,8,14,151
673,4344,7,11,162
674,3884,7,10,144
675,3988,6,9,142
676,2826,3,3,114
677,3606,5,15,138
678,6168,6,6,151
679,4021,11,1,131
680,4446,6,11,190
681,3246,5,14,132
682,4998,4,13,180
683,2621,5,1,76
684,2218,6,3,81
685,7231,8,3,171
686,2523,6,0,86
687,7018,9,16,236
689,6432,11,8,212
690,2826,3,3,114
691,4978,9,2,186
692,2064,4,5,76
693,3333,3,5,96
694,2766,10,4,114
695,4082,11,5,175
696,5273,9,22,250
697,6348,4,15,194
698,3606,5,15,138
699,7407,5,15,263
700,4021,11,1,131
701,3623,3,0,95
702,5542,7,6,122
703,3216,5,5,142
704,3454,0,0,107
705,2407,8,20,72
706,2957,4,2,118
707,4842,6,4,86
708,4467,3,16,149
709,4115,6,3,191
710,2621,5,1,76
711,5055,7,11,159
713,6168,6,6,151
714,7018,9,16,236
715,3630,4,10,137
716,3525,5,0,96
717,7571,7,12,269
718,4082,11,5,175
719,3052,5,14,129
720,5394,7,14,224
721,6339,8,5,248
722,3920,9,5,162
723,7407,5,15,263
724,4298,6,19,225
727,3052,5,14,129
728,2998,4,1,126
729,2327,3,3,85
730,5072,7,6,115
732,4842,6,4,86
733,4289,8,4,150
734,4467,3,16,149
735,4998,4,13,180
736,5323,6,13,192
737,2064,4,5,76
739,6666,9,3,214
741,2826,3,3,114
743,6666,9,3,214
744,3924,11,3,151
745,6666,9,3,214
746,4139,0,1,92
747,4446,6,11,190
748,5055,7,11,159
749,3924,11,3,151
750,6168,6,6,151
751,4628,8,3,160
752,2218,6,3,81
753,6666,9,3,214
754,9453,6,10,294
755,6339,8,5,248
756,3601,0,3,94
757,10493,9,1,244
758,3234,8,14,151
759,2941,2,1,99
760,3623,3,0,95
761,4355,8,4,122
762,2941,2,1,99
763,2998,4,1,126
764,3973,3,4,91
766,5323,6,13,192
767,3541,4,9,124
769,4139,0,1,92
770,3630,4,10,137
771,3052,5,14,129
772,3880,4,2,127
773,10206,10,17,172
774,3246,5,14,132
775,3920,9,5,162
776,3854,11,15,150
777,6666,9,3,214
779,6168,6,6,151
780,5394,7,14,224
781,3234,8,14,151
782,3630,4,10,137
783,2766,10,4,114
784,2826,3,3,114
785,3630,4,10,137
786,5538,6,6,178
787,3169,8,1,121
788,3601,0,3,94
790,3015,11,4,92
791,3234,8,14,151
792,4344,7,11,162
793,3884,7,10,144
794,3988,6,9,142
795,2826,3,3,114
796,3606,5,15,138
797,6168,6,6,151
798,4021,11,1,131
799,4446,6,11,190
800,3246,5,14,132
801,4998,4,13,180
802,2621,5,1,76
803,2218,6,3,81
804,7231,8,3,171
805,2523,6,0,86
806,7018,9,16,236
808,6432,11,8,212
809,2826,3,3,114
810,4978,9,2,186
811,2064,4,5,76
812,3333,3,5,96
813,2766,10,4,114
814,4082,11,5,175
815,5273,9,22,250
816,6348,4,15,194
817,3606,5,15,138
818,7407,5,15,263
819,4021,11,1,131
820,3623,3,0,95
821,5542,7,6,122
822,3216,5,5,142
823,3454,0,0,107
824,2407,8,20,72
825,2957,4,2,118
826,4842,6,4,86
827,4467,3,16,149
828,4115,6,3,191
829,2621,5,1,76
830,5055,7,11,159
832,6168,6,6,151
833,7018,9,16,236
834,3630,4,10,137
835,3525,5,0,96
836,7571,7,12,269
837,4082,11,5,175
838,3052,5,14,129
839,5394,7,14,224
840,6339,8,5,248
841,3920,9,5,162
842,7407,5,15,263
843,4298,6,19,225
846,3052,5,14,129
847,2998,4,1,126
848,2327,3,3,85
849,5072,7,6,115
851,4842,6,4,86
852,4289,8,4,150
853,4467,3,16,149
854,4998,4,13,180
855,5323,6,13,192
856,2064,4,5,76
858,6666,9,3,214
860,2826,3,3,114
862,6666,9,3,214
863,3924,11,3,151
864,6666,9,3,214
865,4139,0,1,92
866,4446,6,11,190
867,5055,7,11,159
868,3924,11,3,151
869,6168,6,6,151
870,4628,8,3,160
871,2218,6,3,81
872,6666,9,3,214
873,9453,6,10,294
874,6339,8,5,248
875,3601,0,3,94
876,10493,9,1,244
877,3234,8,14,151
878,2941,2,1,99
879,3623,3,0,95
880,4355,8,4,122
881,2941,2,1,99
882,2998,4,1,126
883,3973,3,4,91
885,5323,6,13,192
886,3541,4,9,124
888,4139,0,1,92
889,3630,4,10,137
890,3052,5,14,129
891,3880,4,2,127
892,10206,10,17,172
893,3246,5,14,132
894,3920,9,5,162
895,3854,11,15,150
896,6666,9,3,214
898,6168,6,6,151
899,5394,7,14,224
900,3234,8,14,151
901,3630,4,10,137
902,2766,10,4,114
903,2826,3,3,114
904,3630,4,10,137
905,5538,6,6,178
906,3169,8,1,121
907,3601,0,3,94
909,3015,11,4,92
910,3234,8,14,151
911,4344,7,11,162
912,3884,7,10,144
913,3988,6,9,142
914,2826,3,3,114
915,3606,5,15,138
916,6168,6,6,151
917,4021,11,1,131
918,4446,6,11,190
919,3246,5,14,132
920,4998,4,13,180
921,2621,5,1,76
922,2218,6,3,81
923,7231,8,3,171
924,2523,6,0,86
925,7018,9,16,236
927,6432,11,8,212
928,2826,3,3,114
929,4978,9,2,186
930,2064,4,5,76
931,3333,3,5,96
932,2766,10,4,114
933,4082,11,5,175
934,5273,9,22,250
935,6348,4,15,194
936,3606,5,15,138
937,7407,5,15,263
938,4021,11,1,131
939,3623,3,0,95
940,5542,7,6,122
941,3216,5,5,142
942,3454,0,0,107
943,2407,8,20,72
944,2957,4,2,118
945,4842,6,4,86
946,4467,3,16,149
947,4115,6,3,191
948,2621,5,1,76
949,5055,7,11,159
951,6168,6,6,151
952,7018,9,16,236
953,3630,4,10,137
954,3525,5,0,96
955,7571,7,12,269
956,4082,11,5,175
957,3052,5,14,129
958,5394,7,14,224
959,6339,8,5,248
960,3920,9,5,162
961,7407,5,15,263
962,4298,6,19,225
965,3052,5,14,129
966,2998,4,1,126
967,2327,3,3,85
968,5072,7,6,115
970,4842,6,4,86
971,4289,8,4,150
972,4467,3,16,149
973,4998,4,13,180
974,5323,6,13,192
975,2064,4,5,76
977,6666,9,3,214
979,2826,3,3,114
981,6666,9,3,214
982,3924,11,3,151
983,6666,9,3,214
984,4139,0,1,92
985,4446,6,11,190
986,5055,7,11,159
987,3924,11,3,151
988,6168,6,6,151
989,4628,8,3,160
990,2218,6,3,81
991,6666,9,3,214
992,9453,6,10,294
993,6339,8,5,248
994,3601,0,3,94
995,10493,9,1,244
996,3234,8,14,151
997,2941,2,1,99
998,3623,3,0,95
999,4355,8,4,122
1000,2941,2,1,99
1001,2998,4,1,126
1002,3973,3,4,91
1004,5323,6,13,192
1005,3541,4,9,124
1007,4139,0,1,92
1008,3630,4,10,137
1009,3052,5,14,129
1010,3880,4,2,127
1011,10206,10,17,172
1012,3246,5,14,132
1013,3920,9,5,162
1014,3854,11,15,150
1015,6666,9,3,214
1017,6168,6,6,151
1018,5394,7,14,224
1019,3234,8,14,151
1020,3630,4,10,137
1021,2766,10,4,114
1022,2826,3,3,114
1023,3630,4,10,137
1024,5538,6,6,178
1025,3169,8,1,121
1026,3601,0,3,94
1028,3015,11,4,92
1029,3234,8,14,151
1030,4344,7,11,162
1031,3884,7,10,144
1032,3988,6,9,142
1033,2826,3,3,114
1034,3606,5,15,138
1035,6168,6,6,151
1036,4021,11,1,131
1037,4446,6,11,190
1038,3246,5,14,132
1039,4998,4,13,180
1040,2621,5,1,76
1041,2218,6,3,81
1042,7231,8,3,171
1043,2523,6,0,86
1044,7018,9,16,236
1046,6432,11,8,212
1047,2826,3,3,114
1048,4978,9,2,186
1049,2064,4,5,76
1050,3333,3,5,96
1051,2766,10,4,114
1052,4082,11,5,175
1053,5273,9,22,250
1054,6348,4,15,194
1055,3606,5,15,138
1056,7407,5,15,263
1057,4021,11,1,131
1058,3623,3,0,95
1059,5542,7,6,122
1060,3216,5,5,142
1061,3454,0,0,107
1062,2407,8,20,72
1063,2957,4,2,118
1064,4842,6,4,86
1065,4467,3,16,149
1066,4115,6,3,191
1067,2621,5,1,76
1068,5055,7,11,159
1070,6168,6,6,151
1071,7018,9,16,236
1072,3630,4,10,137
1073,3525,5,0,96
1074,7571,7,12,269
1075,4082,11,5,175
1076,3052,5,14,129
1077,5394,7,14,224
1078,6339,8,5,248
1079,3920,9,5,162
1080,7407,5,15,263
1081,4298,6,19,225
1084,3052,5,14,129
1085,2998,4,1,126
1086,2327,3,3,85
1087,5072,7,6,115
1089,4842,6,4,86
1090,4289,8,4,150
1091,4467,3,16,149
1092,4998,4,13,180
1093,5323,6,13,192
1094,2064,4,5,76
1096,6666,9,3,214
1098,2826,3,3,114
1100,6666,9,3,214
1101,3924,11,3,151
1102,6666,9,3,214
1103,4139,0,1,92
1104,4446,6,11,190
1105,5055,7,11,159
1106,3924,11,3,151
1107,6168,6,6,151
1108,4628,8,3,160
1109,2218,6,3,81
1110,6666,9,3,214
1111,9453,6,10,294
1112,6339,8,5,248
1113,3601,0,3,94
1114,10493,9,1,244
1115,3234,8,14,151
1116,2941,2,1,99
1117,3623,3,0,95
1118,4355,8,4,122
1119,2941,2,1,99
1120,2998,4,1,126
1121,3973,3,4,91
1123,5323,6,13,192
1124,3541,4,9,124
1126,4139,0,1,92
1127,3630,4,10,137
1128,3052,5,14,129
1129,3880,4,2,127
1130,10206,10,17,172
1131,3246,5,14,132
1132,3920,9,5,162
1133,3854,11,15,150
1134,6666,9,3,214
1136,6168,6,6,151
1137,5394,7,14,224
1138,3234,8,14,151
1139,3630,4,10,137
1140,2766,10,4,114
1141,2826,3,3,114
1142,3630,4,10,137
1143,5538,6,6,178
1144,3169,8,1,121
1145,3601,0,3,94
1147,3015,11,4,92
1148,3234,8,14,151
1149,4344,7,11,162
1150,3884,7,10,144
1151,3988,6,9,142
1152,2826,3,3,114
1153,3606,5,15,138
1154,6168,6,6,151
1155,4021,11,1,131
1156,4446,6,11,190
1157,3246,5,14,132
1158,4998,4,13,180
1159,2621,5,1,76
1160,2218,6,3,81
1161,7231,8,3,171
1162,2523,6,0,86
1163,7018,9,16,236
1165,6432,11,8,212
1166,2826,3,3,114
1167,4978,9,2,186
1168,2064,4,5,76
1169,3333,3,5,96
1170,2766,10,4,114
1171,4082,11,5,175
1172,5273,9,22,250
1173,6348,4,15,194
1174,3606,5,15,138
1175,7407,5,15,263
1176,4021,11,1,131
1177,3623,3,0,95
1178,5542,7,6,122
1179,3216,5,5,142
1180,3454,0,0,107
1181,2407,8,20,72
1182,2957,4,2,118
1183,4842,6,4,86
1184,4467,3,16,149
1185,4115,6,3,191
1186,2621,5,1,76
1187,5055,7,11,159
1189,6168,6,6,151
1190,7018,9,16,236
1191,3630,4,10,137
1192,3525,5,0,96
1193,7571,7,12,269
1194,4082,11,5,175
1195,3052,5,14,129
1196,5394,7,14,224
1197,6339,8,5,248
1198,3920,9,5,162
1199,7407,5,15,263
1200,4298,6,19,225
1203,3052,5,14,129
1204,2998,4,1,126
1205,2327,3,3,85
1206,5072,7,6,115
1208,4842,6,4,86
1209,4289,8,4,150
1210,4467,3,16,149
1211,4998,4,13,180
1212,5323,6,13,192
1213,2064,4,5,76
1215,6666,9,3,214
1217,2826,3,3,114
1219,6666,9,3,214
1220,3924,11,3,151
1221,6666,9,3,214
1222,4139,0,1,92
1223,4446,6,11,190
1224,5055,7,11,159
1225,3924,11,3,151
1226,6168,6,6,151
1227,4628,8,3,160
1228,2218,6,3,81
1229,6666,9,3,214
1230,9453,6,10,294
1231,6339,8,5,248
1232,3601,0,3,94
1233,10493,9,1,244
1234,3234,8,14,151
1235,2941,2,1,99
1236,3623,3,0,95
1237,4355,8,4,122
1238,2941,2,1,99
1239,2998,4,1,126
1240,3973,3,4,91
1242,5323,6,13,192
1243,3541,4,9,124
1245,4139,0,1,92
1246,3630,4,10,137
1247,3052,5,14,129
1248,3880,4,2,127
1249,10206,10,17,172
1250,3246,5,14,132
1251,3920,9,5,162
1252,3854,11,15,150
1253,6666,9,3,214
1255,6168,6,6,151
1256,5394,7,14,224
1257,3234,8,14,151
1258,3630,4,10,137
1259,2766,10,4,114
1260,2826,3,3,114
1261,3630,4,10,137
1262,5538,6,6,178
1263,3169,8,1,121
1264,3601,0,3,94
1266,3015,11,4,92
1267,3234,8,14,151
1268,4344,7,11,162
1269,3884,7,10,144
1270,3988,6,9,142
1271,2826,3,3,114
1272,3606,5,15,138
1273,6168,6,6,151
1274,4021,11,1,131
1275,4446,6,11,190
1276,3246,5,14,132
1277,4998,4,13,180
1278,2621,5,1,76
1279,2218,6,3,81
1280,7231,8,3,171
1281,2523,6,0,86
1282,7018,9,16,236
1284,6432,11,8,212
1285,2826,3,3,114
1286,4978,9,2,186
1287,2064,4,5,76
1288,3333,3,5,96
1289,2766,10,4,114
1290,4082,11,5,175
1291,5273,9,22,250
1292,6348,4,15,194
1293,3606,5,15,138
1294,7407,5,15,263
1295,4021,11,1,131
1296,3623,3,0,95
1297,5542,7,6,122
1298,3216,5,5,142
1299,3454,0,0,107
1300,2407,8,20,72
1301,2957,4,2,118
1302,4842,6,4,86
1303,4467,3,16,149
1304,4115,6,3,191
1305,2621,5,1,76
1306,5055,7,11,159
1308,6168,6,6,151
1309,7018,9,16,236
1310,3630,4,10,137
1311,3525,5,0,96
1312,7571,7,12,269
1313,4082,11,5,175
1314,3052,5,14,129
1315,5394,7,14,224
1316,6339,8,5,248
1317,3920,9,5,162
1318,7407,5,15,263
1319,4298,6,19,225
1322,3052,5,14,129
1323,2998,4,1,126
1324,2327,3,3,85
1325,5072,7,6,115
1327,4842,6,4,86
1328,4289,8,4,150
1329,4467,3,16,149
1330,4998,4,13,180
1331,5323,6,13,192
1332,2064,4,5,76
1334,6666,9,3,214
1336,2826,3,3,114
1338,6666,9,3,214
1339,3924,11,3,151
1340,6666,9,3,214
1341,4139,0,1,92
1342,4446,6,11,190
1343,5055,7,11,159
1344,3924,11,3,151
1345,6168,6,6,151
1346,4628,8,3,160
1347,2218,6,3,81
1348,6666,9,3,214
1349,9453,6,10,294
1350,6339,8,5,248
1351,3601,0,3,94
1352,10493,9,1,244
1353,3234,8,14,151
1354,2941,2,1,99
1355,3623,3,0,95
1356,4355,8,4,122
1357,2941,2,1,99
1358,2998,4,1,126
1359,3973,3,4,91
1361,5323,6,13,192
1362,3541,4,9,124
1364,4139,0,1,92
1365,3630,4,10,137
1366,3052,5,14,129
1367,3880,4,2,127
1368,10206,10,17,172
1369,3246,5,14,132
1370,3920,9,5,162
1371,3854,11,15,150
1372,6666,9,3,214
1374,6168,6,6,151
1375,5394,7,14,224
1376,3234,8,14,151
1377,3630,4,10,137
1378,2766,10,4,114
1379,2826,3,3,114
1380,3630,4,10,137
1381,5538,6,6,178
1382,3169,8,1,121
1383,3601,0,3,94
1385,3015,11,4,92
1386,3234,8,14,151
1387,4344,7,11,162
1388,3884,7,10,144
1389,3988,6,9,142
1390,2826,3,3,114
1391,3606,5,15,138
1392,6168,6,6,151
1393,4021,11,1,131
1394,4446,6,11,190
1395,3246,5,14,132
1396,4998,4,13,180
1397,2621,5,1,76
1398,2218,6,3,81
1399,7231,8,3,171
1400,2523,6,0,86
1401,7018,9,16,236
1403,6432,11,8,212
1404,2826,3,3,114
1405,4978,9,2,186
1406,2064,4,5,76
1407,3333,3,5,96
1408,2766,10,4,114
1409,4082,11,5,175
1410,5273,9,22,250
1411,6348,4,15,194
1412,3606,5,15,138
1413,7407,5,15,263
1414,4021,11,1,131
1415,3623,3,0,95
1416,5542,7,6,122
1417,3216,5,5,142
1418,3454,0,0,107
1419,2407,8,20,72
1420,2957,4,2,118
1421,4842,6,4,86
1422,4467,3,16,149
1423,4115,6,3,191
1424,2621,5,1,76
1425,5055,7,11,159
1427,6168,6,6,151
1428,7018,9,16,236
1429,3630,4,10,137
1430,3525,5,0,96
1431,7571,7,12,269
1432,4082,11,5,175
1433,3052,5,14,129
1434,5394,7,14,224
1435,6339,8,5,248
1436,3920,9,5,162
1437,7407,5,15,263
1438,4298,6,19,225
1441,3052,5,14,129
1442,2998,4,1,126
1443,2327,3,3,85
1444,5072,7,6,115
1446,4842,6,4,86
1447,4289,8,4,150
1448,4467,3,16,149
1449,4998,4,13,180
1450,5323,6,13,192
1451,2064,4,5,76
1453,6666,9,3,214
1455,2826,3,3,114
1457,6666,9,3,214
1458,3924,11,3,151
1459,6666,9,3,214
1460,4139,0,1,92
1461,4446,6,11,190
1462,5055,7,11,159
1463,3924,11,3,151
1464,6168,6,6,151
1465,4628,8,3,160
1466,2218,6,3,81
1467,6666,9,3,214
1468,9453,6,10,294
1469,6339,8,5,248
1470,3601,0,3,94
1471,10493,9,1,244
1472,3234,8,14,151
1473,2941,2,1,99
1474,3623,3,0,95
1475,4355,8,4,122
1476,2941,2,1,99
1477,2998,4,1,126
1478,3973,3,4,91
1480,5323,6,13,192
1481,3541,4,9,124
1483,4139,0,1,92
1484,3630,4,10,137
1485,3052,5,14,129
1486,3880,4,2,127
1487,10206,10,17,172
1488,3246,5,14,132
1489,3920,9,5,162
1490,3854,11,15,150
1491,6666,9,3,214
1493,6168,6,6,151
1494,5394,7,14,224
1495,3234,8,14,151
1496,3630,4,10,137
1497,2766,10,4,114
1498,2826,3,3,114
1499,3630,4,10,137
1500,5538,6,6,178
1501,3169,8,1,121
1502,3601,0,3,94
1504,3015,11,4,92
1505,3234,8,14,151
1506,4344,7,11,162
1507,3884,7,10,144
1508,3988,6,9,142
1509,2826,3,3,114
1510,3606,5,15,138
1511,6168,6,6,151
1512,4021,11,1,131
1513,4446,6,11,190
1514,3246,5,14,132
1515,4998,4,13,180
1516,2621,5,1,76
1517,2218,6,3,81
1518,7231,8,3,171
1519,2523,6,0,86
1520,7018,9,16,236
1522,6432,11,8,212
1523,2826,3,3,114
1524,4978,9,2,186
1525,2064,4,5,76
1526,3333,3,5,96
1527,2766,10,4,114
1528,4082,11,5,175
1529,5273,9,22,250
1530,6348,4,15,194
1531,3606,5,15,138
1532,7407,5,15,263
1533,4021,11,1,131
1534,3623,3,0,95
1535,5542,7,6,122
1536,3216,5,5,142
1537,3454,0,0,107
1538,2407,8,20,72
1539,2957,4,2,118
1540,4842,6,4,86
1541,4467,3,16,149
1542,4115,6,3,191
1543,2621,5,1,76
1544,5055,7,11,159
1546,6168,6,6,151
1547,7018,9,16,236
1548,3630,4,10,137
1549,3525,5,0,96
1550,7571,7,12,269
1551,4082,11,5,175
1552,3052,5,14,129
1553,5394,7,14,224
1554,6339,8,5,248
1555,3920,9,5,162
1556,7407,5,15,263
1557,4298,6,19,225
1560,3052,5,14,129
1561,2998,4,1,126
1562,2327,3,3,85
1563,5072,7,6,115
1565,4842,6,4,86
1566,4289,8,4,150
1567,4467,3,16,149
1568,4998,4,13,180
1569,5323,6,13,192
1570,2064,4,5,76
1572,6666,9,3,214
1574,2826,3,3,114
1576,6666,9,3,214
1577,3924,11,3,151
1578,6666,9,3,214
1579,4139,0,1,92
1580,4446,6,11,190
1581,5055,7,11,159
1582,3924,11,3,151
1583,6168,6,6,151
1584,4628,8,3,160
1585,2218,6,3,81
1586,6666,9,3,214
1587,9453,6,10,294
1588,6339,8,5,248
1589,3601,0,3,94
1590,10493,9,1,244
1591,3234,8,14,151
1592,2941,2,1,99
1593,3623,3,0,95
1594,4355,8,4,122
1595,2941,2,1,99
1596,2998,4,1,126
1597,3973,3,4,91
1599,5323,6,13,192
1600,3541,4,9,124
1602,4139,0,1,92
1603,3630,4,10,137
1604,3052,5,14,129
1605,3880,4,2,127
1606,10206,10,17,172
1607,3246,5,14,132
1608,3920,9,5,162
1609,3854,11,15,150
1610,6666,9,3,214
1612,6168,6,6,151
1613,5394,7,14,224
1614,3234,8,14,151
1615,3630,4,10,137
1616,2766,10,4,114
1617,2826,3,3,114
1618,3630,4,10,137
1619,5538,6,6,178
1620,3169,8,1,121
1621,3601,0,3,94
1623,3015,11,4,92
1624,3234,8,14,151
1625,4344,7,11,162
1626,3884,7,10,144
1627,3988,6,9,142
1628,2826,3,3,114
1629,3606,5,15,138
1630,6168,6,6,151
1631,4021,11,1,131
1632,4446,6,11,190
1633,3246,5,14,132
1634,4998,4,13,180
1635,2621,5,1,76
1636,2218,6,3,81
1637,7231,8,3,171
1638,2523,6,0,86
1639,7018,9,16,236
1641,6432,11,8,212
1642,2826,3,3,114
1643,4978,9,2,186
1644,2064,4,5,76
1645,3333,3,5,96
1646,2766,10,4,114
1647,4082,11,5,175
1648,5273,9,22,250
1649,6348,4,15,194
1650,3606,5,15,138
1651,7407,5,15,263
1652,4021,11,1,131
1653,3623,3,0,95
1654,5542,7,6,122
1655,3216,5,5,142
1656,3454,0,0,107
1657,2407,8,20,72
1658,2957,4,2,118
1659,4842,6,4,86
1660,4467,3,16,149
1661,4115,6,3,191
1662,2621,5,1,76
1663,5055,7,11,159
1665,6168,6,6,151
1666,7018,9,16,236
1667,3630,4,10,137
1668,3525,5,0,96
1669,7571,7,12,269
1670,4082,11,5,175
1671,3052,5,14,129
1672,5394,7,14,224
1673,6339,8,5,248
1674,3920,9,5,162
1675,7407,5,15,263
1676,4298,6,19,225
1679,3052,5,14,129
1680,2998,4,1,126
1681,2327,3,3,85
1682,5072,7,6,115
1684,4842,6,4,86
1685,4289,8,4,150
1686,4467,3,16,149
1687,4998,4,13,180
1688,5323,6,13,192
1689,2064,4,5,76
1691,6666,9,3,214
1693,2826,3,3,114
1695,6666,9,3,214
1696,3924,11,3,151
1697,6666,9,3,214
1698,4139,0,1,92
1699,4446,6,11,190
1700,5055,7,11,159
1701,3924,11,3,151
1702,6168,6,6,151
1703,4628,8,3,160
1704,2218,6,3,81
1705,6666,9,3,214
1706,9453,6,10,294
1707,6339,8,5,248
1708,3601,0,3,94
1709,10493,9,1,244
1710,3234,8,14,151
1711,2941,2,1,99
1712,3623,3,0,95
1713,4355,8,4,122
1714,2941,2,1,99
1715,2998,4,1,126
1716,3973,3,4,91
1718,5323,6,13,192
1719,3541,4,9,124
1721,4139,0,1,92
1722,3630,4,10,137
1723,3052,5,14,129
1724,3880,4,2,127
1725,10206,10,17,172
1726,3246,5,14,132
1727,3920,9,5,162
1728,3854,11,15,150
1729,6666,9,3,214
1731,6168,6,6,151
1732,5394,7,14,224
1733,3234,8,14,151
1734,3630,4,10,137
1735,2766,10,4,114
1736,2826,3,3,114
1737,3630,4,10,137
1738,5538,6,6,178
1739,3169,8,1,121
1740,3601,0,3,94
1742,3015,11,4,92
1743,3234,8,14,151
1744,4344,7,11,162
1745,3884,7,10,144
1746,3988,6,9,142
1747,2826,3,3,114
1748,3606,5,15,138
1749,6168,6,6,151
1750,4021,11,1,131
1751,4446,6,11,190
1752,3246,5,14,132
1753,4998,4,13,180
1754,2621,5,1,76
1755,2218,6,3,81
1756,7231,8,3,171
1757,2523,6,0,86
1758,7018,9,16,236
1760,6432,11,8,212
1761,2826,3,3,114
1762,4978,9,2,186
1763,2064,4,5,76
1764,3333,3,5,96
1765,2766,10,4,114
1766,4082,11,5,175
1767,5273,9,22,250
1768,6348,4,15,194
1769,3606,5,15,138
1770,7407,5,15,263
1771,4021,11,1,131
1772,3623,3,0,95
1773,5542,7,6,122
1774,3216,5,5,142
1775,3454,0,0,107
1776,2407,8,20,72
1777,2957,4,2,118
1778,4842,6,4,86
1779,4467,3,16,149
1780,4115,6,3,191
1781,2621,5,1,76
1782,5055,7,11,159
1784,6168,6,6,151
1785,7018,9,16,236
1786,3630,4,10,137
1787,3525,5,0,96
1788,7571,7,12,269
1789,4082,11,5,175
1790,3052,5,14,129
1791,5394,7,14,224
1792,6339,8,5,248
1793,3920,9,5,162
1794,7407,5,15,263
1795,4298,6,19,225
1798,3052,5,14,129
1799,2998,4,1,126
1800,2327,3,3,85
1801,5072,7,6,115
1803,4842,6,4,86
1804,4289,8,4,150
1805,4467,3,16,149
1806,4998,4,13,180
1807,5323,6,13,192
1808,2064,4,5,76
1810,6666,9,3,214
1812,2826,3,3,114
1814,6666,9,3,214
1815,3924,11,3,151
1816,6666,9,3,214
1817,4139,0,1,92
1818,4446,6,11,190
1819,5055,7,11,159
1820,3924,11,3,151
1821,6168,6,6,151
1822,4628,8,3,160
1823,2218,6,3,81
1824,6666,9,3,214
1825,9453,6,10,294
1826,6339,8,5,248
1827,3601,0,3,94
1828,10493,9,1,244
1829,3234,8,14,151
1830,2941,2,1,99
1831,3623,3,0,95
1832,4355,8,4,122
1833,2941,2,1,99
1834,2998,4,1,126
1835,3973,3,4,91
1837,5323,6,13,192
1838,3541,4,9,124
1840,4139,0,1,92
1841,3630,4,10,137
1842,3052,5,14,129
1843,3880,4,2,127
1844,10206,10,17,172
1845,3246,5,14,132
1846,3920,9,5,162
1847,3854,11,15,150
1848,6666,9,3,214
1850,6168,6,6,151
1851,5394,7,14,224
1852,3234,8,14,151
1853,3630,4,10,137
1854,2766,10,4,114
1855,2826,3,3,114
1856,3630,4,10,137
1857,5538,6,6,178
1858,3169,8,1,121
1859,3601,0,3,94
1861,3015,11,4,92
1862,3234,8,14,151
1863,4344,7,11,162
1864,3884,7,10,144
1865,3988,6,9,142
1866,2826,3,3,114
1867,3606,5,15,138
1868,6168,6,6,151
1869,4021,11,1,131
1870,4446,6,11,190
1871,3246,5,14,132
1872,4998,4,13,180
1873,2621,5,1,76
1874,2218,6,3,81
1875,7231,8,3,171
1876,2523,6,0,86
1877,7018,9,16,236
1879,6432,11,8,212
1880,2826,3,3,114
1881,4978,9,2,186
1882,2064,4,5,76
1883,3333,3,5,96
1884,2766,10,4,114
1885,4082,11,5,175
1886,5273,9,22,250
1887,6348,4,15,194
1888,3606,5,15,138
1889,7407,5,15,263
1890,4021,11,1,131
1891,3623,3,0,95
1892,5542,7,6,122
1893,3216,5,5,142
1894,3454,0,0,107
1895,2407,8,20,72
1896,2957,4,2,118
1897,4842,6,4,86
1898,4467,3,16,149
1899,4115,6,3,191
1900,2621,5,1,76
1901,5055,7,11,159
1903,6168,6,6,151
1904,7018,9,16,236
1905,3630,4,10,137
1906,3525,5,0,96
1907,7571,7,12,269
1908,4082,11,5,175
1909,3052,5,14,129
1910,5394,7,14,224
1911,6339,8,5,248
1912,3920,9,5,162
1913,7407,5,15,263
1914,4298,6,19,225
1917,3052,5,14,129
1918,2998,4,1,126
1919,2327,3,3,85
1920,5072,7,6,115
1922,4842,6,4,86
1923,4289,8,4,150
1924,4467,3,16,149
1925,4998,4,13,180
1926,5323,6,13,192
1927,2064,4,5,76
1929,6666,9,3,214
1931,2826,3,3,114
1933,6666,9,3,214
1934,3924,11,3,151
1935,6666,9,3,214
1936,4139,0,1,92
1937,4446,6,11,190
1938,5055,7,11,159
1939,3924,11,3,151
1940,6168,6,6,151
1941,4628,8,3,160
1942,2218,6,3,81
1943,6666,9,3,214
1944,9453,6,10,294
1945,6339,8,5,248
1946,3601,0,3,94
1947,10493,9,1,244
1948,3234,8,14,151
1949,2941,2,1,99
1950,3623,3,0,95
1951,4355,8,4,122
1952,2941,2,1,99
1953,2998,4,1,126
1954,3973,3,4,91
1956,5323,6,13,192
1957,3541,4,9,124
1959,4139,0,1,92
1960,3630,4,10,137
1961,3052,5,14,129
1962,3880,4,2,127
1963,10206,10,17,172
1964,3246,5,14,132
1965,3920,9,5,162
1966,3854,11,15,150
1967,6666,9,3,214
1969,6168,6,6,151
1970,5394,7,14,224
1971,3234,8,14,151
1972,3630,4,10,137
1973,2766,10,4,114
1974,2826,3,3,114
1975,3630,4,10,137
1976,5538,6,6,178
1977,3169,8,1,121
1978,3601,0,3,94
1980,3015,11,4,92
1981,3234,8,14,151
1982,4344,7,11,162
1983,3884,7,10,144
1984,3988,6,9,142
1985,2826,3,3,114
1986,3606,5,15,138
1987,6168,6,6,151
1988,4021,11,1,131
1989,4446,6,11,190
1990,3246,5,14,132
1991,4998,4,13,180
1992,2621,5,1,76
1993,2218,6,3,81
1994,7231,8,3,171
1995,2523,6,0,86
1996,7018,9,16,236
1998,6432,11,8,212
1999,2826,3,3,114
2000,4978,9,2,186
2001,2064,4,5,76
2002,3333,3,5,96
2003,2766,10,4,114
2004,4082,11,5,175
2005,5273,9,22,250
2006,6348,4,15,194
2007,3606,5,15,138
2008,7407,5,15,263
2009,4021,11,1,131
2010,3623,3,0,95
2011,5542,7,6,122
2012,3216,5,5,142
2013,3454,0,0,107
2014,2407,8,20,72
2015,2957,4,2,118
2016,4842,6,4,86
2017,4467,3,16,149
2018,4115,6,3,191
2019,2621,5,1,76
2020,5055,7,11,159
2022,6168,6,6,151
2023,7018,9,16,236
2024,3630,4,10,137
2025,3525,5,0,96
2026,7571,7,12,269
2027,4082,11,5,175
2028,3052,5,14,129
2029,5394,7,14,224
2030,6339,8,5,248
2031,3920,9,5,162
2032,7407,5,15,263
2033,4298,6,19,225
2036,3052,5,14,129
2037,2998,4,1,126
2038,2327,3,3,85
2039,5072,7,6,115
2041,4842,6,4,86
2042,4289,8,4,150
2043,4467,3,16,149
2044,4998,4,13,180
2045,5323,6,13,192
2046,2064,4,5,76
2048,6666,9,3,214
2050,2826,3,3,114
2052,6666,9,3,214
2053,3924,11,3,151
2054,6666,9,3,214
2055,4139,0,1,92
2056,4446,6,11,190
2057,5055,7,11,159
2058,3924,11,3,151
2059,6168,6,6,151
2060,4628,8,3,160
2061,2218,6,3,81
2062,6666,9,3,214
2063,9453,6,10,294
2064,6339,8,5,248
2065,3601,0,3,94
2066,10493,9,1,244
2067,3234,8,14,151
2068,2941,2,1,99
2069,3623,3,0,95
2070,4355,8,4,122
2071,2941,2,1,99
2072,2998,4,1,126
2073,3973,3,4,91
2075,5323,6,13,192
2076,3541,4,9,124
2078,4139,0,1,92
2079,3630,4,10,137
2080,3052,5,14,129
2081,3880,4,2,127
2082,10206,10,17,172
2083,3246,5,14,132
2084,3920,9,5,162
2085,3854,11,15,150
2086,6666,9,3,214
2088,6168,6,6,151
2089,5394,7,14,224
2090,3234,8,14,151
2091,3630,4,10,137
2092,2766,10,4,114
2093,2826,3,3,114
2094,3630,4,10,137
2095,5538,6,6,178
2096,3169,8,1,121
2097,3601,0,3,94
2099,3015,11,4,92
2100,3234,8,14,151
2101,4344,7,11,162
2102,3884,7,10,144
2103,3988,6,9,142
2104,2826,3,3,114
2105,3606,5,15,138
2106,6168,6,6,151
2107,4021,11,1,131
2108,4446,6,11,190
2109,3246,5,14,132
2110,4998,4,13,180
2111,2621,5,1,76
2112,2218,6,3,81
2113,7231,8,3,171
2114,2523,6,0,86
2115,7018,9,16,236
2117,6432,11,8,212
2118,2826,3,3,114
2119,4978,9,2,186
2120,2064,4,5,76
2121,3333,3,5,96
2122,2766,10,4,114
2123,4082,11,5,175
2124,5273,9,22,250
2125,6348,4,15,194
2126,3606,5,15,138
2127,7407,5,15,263
2128,4021,11,1,131
2129,3623,3,0,95
2130,5542,7,6,122
2131,3216,5,5,142
2132,3454,0,0,107
2133,2407,8,20,72
2134,2957,4,2,118
2135,4842,6,4,86
2136,4467,3,16,149
2137,4115,6,3,191
2138,2621,5,1,76
2139,5055,7,11,159
2141,6168,6,6,151
2142,7018,9,16,236
2143,3630,4,10,137
2144,3525,5,0,96
2145,7571,7,12,269
2146,4082,11,5,175
2147,3052,5,14,129
2148,5394,7,14,224
2149,6339,8,5,248
2150,3920,9,5,162
2151,7407,5,15,263
2152,4298,6,19,225
2155,3052,5,14,129
2156,2998,4,1,126
2157,2327,3,3,85
2158,5072,7,6,115
2160,4842,6,4,86
2161,4289,8,4,150
2162,4467,3,16,149
2163,4998,4,13,180
2164,5323,6,13,192
2165,2064,4,5,76
2167,6666,9,3,214
2169,2826,3,3,114
2171,6666,9,3,214
2172,3924,11,3,151
2173,6666,9,3,214
2174,4139,0,1,92
2175,4446,6,11,190
2176,5055,7,11,159
2177,3924,11,3,151
2178,6168,6,6,151
2179,4628,8,3,160
2180,2218,6,3,81
2181,6666,9,3,214
2182,9453,6,10,294
2183,6339,8,5,248
2184,3601,0,3,94
2185,10493,9,1,244
2186,3234,8,14,151
2187,2941,2,1,99
2188,3623,3,0,95
2189,4355,8,4,122
2190,2941,2,1,99
2191,2998,4,1,126
2192,3973,3,4,91
2194,5323,6,13,192
2195,3541,4,9,124
2197,4139,0,1,92
2198,3630,4,10,137
2199,3052,5,14,129
2200,3880,4,2,127
2201,10206,10,17,172
2202,3246,5,14,132
2203,3920,9,5,162
2204,3854,11,15,150
2205,6666,9,3,214
2207,6168,6,6,151
2208,5394,7,14,224
2209,3234,8,14,151
2210,3630,4,10,137
2211,2766,10,4,114
2212,2826,3,3,114
2213,3630,4,10,137
2214,5538,6,6,178
2215,3169,8,1,121
2216,3601,0,3,94
2218,3015,11,4,92
2219,3234,8,14,151
2220,4344,7,11,162
2221,3884,7,10,144
2222,3988,6,9,142
2223,2826,3,3,114
2224,3606,5,15,138
2225,6168,6,6,151
2226,4021,11,1,131
2227,4446,6,11,190
2228,3246,5,14,132
2229,4998,4,13,180
2230,2621,5,1,76
2231,2218,6,3,81
2232,7231,8,3,171
2233,2523,6,0,86
2234,7018,9,16,236
2236,6432,11,8,212
2237,2826,3,3,114
2238,4978,9,2,186
2239,2064,4,5,76
2240,3333,3,5,96
2241,2766,10,4,114
2242,4082,11,5,175
2243,5273,9,22,250
2244,6348,4,15,194
2245,3606,5,15,138
2246,7407,5,15,263
2247,4021,11,1,131
2248,3623,3,0,95
2249,5542,7,6,122
2250,3216,5,5,142
2251,3454,0,0,107
2252,2407,8,20,72
2253,2957,4,2,118
2254,4842,6,4,86
2255,4467,3,16,149
2256,4115,6,3,191
2257,2621,5,1,76
2258,5055,7,11,159
2260,6168,6,6,151
2261,7018,9,16,236
2262,3630,4,10,137
2263,3525,5,0,96
2264,7571,7,12,269
2265,4082,11,5,175
2266,3052,5,14,129
2267,5394,7,14,224
2268,6339,8,5,248
2269,3920,9,5,162
2270,7407,5,15,263
2271,4298,6,19,225
2274,3052,5,14,129
2275,2998,4,1,126
2276,2327,3,3,85
2277,5072,7,6,115
2279,4842,6,4,86
2280,4289,8,4,150
2281,4467,3,16,149
2282,4998,4,13,180
2283,5323,6,13,192
2284,2064,4,5,76
2286,6666,9,3,214
2288,2826,3,3,114
2290,6666,9,3,214
2291,3924,11,3,151
2292,6666,9,3,214
2293,4139,0,1,92
2294,4446,6,11,190
2295,5055,7,11,159
2296,3924,11,3,151
2297,6168,6,6,151
2298,4628,8,3,160
2299,2218,6,3,81
2300,6666,9,3,214
2301,9453,6,10,294
2302,6339,8,5,248
2303,3601,0,3,94
2304,10493,9,1,244
2305,3234,8,14,151
2306,2941,2,1,99
2307,3623,3,0,95
2308,4355,8,4,122
2309,2941,2,1,99
2310,2998,4,1,126
2311,3973,3,4,91
2313,5323,6,13,192
2314,3541,4,9,124
2316,4139,0,1,92
2317,3630,4,10,137
2318,3052,5,14,129
2319,3880,4,2,127
2320,10206,10,17,172
2321,3246,5,14,132
2322,3920,9,5,162
2323,3854,11,15,150
2324,6666,9,3,214
2326,6168,6,6,151
2327,5394,7,14,224
2328,3234,8,14,151
2329,3630,4,10,137
2330,2766,10,4,114
2331,2826,3,3,114
2332,3630,4,10,137
2333,5538,6,6,178
2334,3169,8,1,121
2335,3601,0,3,94
2337,3015,11,4,92
2338,3234,8,14,151
2339,4344,7,11,162
2340,3884,7,10,144
2341,3988,6,9,142
2342,2826,3,3,114
2343,3606,5,15,138
2344,6168,6,6,151
2345,4021,11,1,131
2346,4446,6,11,190
2347,3246,5,14,132
2348,4998,4,13,180
2349,2621,5,1,76
2350,2218,6,3,81
2351,7231,8,3,171
2352,2523,6,0,86
2353,7018,9,16,236
2355,6432,11,8,212
2356,2826,3,3,114
2357,4978,9,2,186
2358,2064,4,5,76
2359,3333,3,5,96
2360,2766,10,4,114
2361,4082,11,5,175
2362,5273,9,22,250
2363,6348,4,15,194
2364,3606,5,15,138
2365,7407,5,15,263
2366,4021,11,1,131
2367,3623,3,0,95
2368,5542,7,6,122
2369,3216,5,5,142
2370,3454,0,0,107
2371,2407,8,20,72
2372,2957,4,2,118
2373,4842,6,4,86
2374,4467,3,16,149
2375,4115,6,3,191
2376,2621,5,1,76
2377,5055,7,11,159
2379,6168,6,6,151
2380,7018,9,16,236
2381,3630,4,10,137
2382,3525,5,0,96
2383,7571,7,12,269
2384,4082,11,5,175
2385,3052,5,14,129
2386,5394,7,14,224
2387,6339,8,5,248
2388,3920,9,5,162
2389,7407,5,15,263
2390,4298,6,19,225
2393,3052,5,14,129
2394,2998,4,1,126
2395,2327,3,3,85
2396,5072,7,6,115
2398,4842,6,4,86
2399,4289,8,4,150
2400,4467,3,16,149
2401,4998,4,13,180
2402,5323,6,13,192
2403,2064,4,5,76
2405,6666,9,3,214
2407,2826,3,3,114
2409,6666,9,3,214
2410,3924,11,3,151
2411,6666,9,3,214
2412,4139,0,1,92
2413,4446,6,11,190
2414,5055,7,11,159
2415,3924,11,3,151
2416,6168,6,6,151
2417,4628,8,3,160
2418,2218,6,3,81
2419,6666,9,3,214
2420,9453,6,10,294
2421,6339,8,5,248
2422,3601,0,3,94
2423,10493,9,1,244
2424,3234,8,14,151
2425,2941,2,1,99
2426,3623,3,0,95
2427,4355,8,4,122
2428,2941,2,1,99
2429,2998,4,1,126
2430,3973,3,4,91
2432,5323,6,13,192
2433,3541,4,9,124
2435,4139,0,1,92
2436,3630,4,10,137
2437,3052,5,14,129
2438,3880,4,2,127
2439,10206,10,17,172
2440,3246,5,14,132
2441,3920,9,5,162
2442,3854,11,15,150
2443,6666,9,3,214
2445,6168,6,6,151
2446,5394,7,14,224
2447,3234,8,14,151
2448,3630,4,10,137
2449,2766,10,4,114
2450,2826,3,3,114
2451,3630,4,10,137
2452,5538,6,6,178
2453,3169,8,1,121
2454,3601,0,3,94
2456,3015,11,4,92
2457,3234,8,14,151
2458,4344,7,11,162
2459,3884,7,10,144
2460,3988,6,9,142
2461,2826,3,3,114
2462,3606,5,15,138
2463,6168,6,6,151
2464,4021,11,1,131
2465,4446,6,11,190
2466,3246,5,14,132
2467,4998,4,13,180
2468,2621,5,1,76
2469,2218,6,3,81
2470,7231,8,3,171
2471,2523,6,0,86
2472,7018,9,16,236
2474,6432,11,8,212
2475,2826,3,3,114
2476,4978,9,2,186
2477,2064,4,5,76
2478,3333,3,5,96
2479,2766,10,4,114
2480,4082,11,5,175
2481,5273,9,22,250
2482,6348,4,15,194
2483,3606,5,15,138
2484,7407,5,15,263
2485,4021,11,1,131
2486,3623,3,0,95
2487,5542,7,6,122
2488,3216,5,5,142
2489,3454,0,0,107
2490,2407,8,20,72
2491,2957,4,2,118
2492,4842,6,4,86
2493,4467,3,16,149
2494,4115,6,3,191
2495,2621,5,1,76
2496,5055,7,11,159
2498,6168,6,6,151
